{"cameraMode":{"drawMode":0,"name":"Shaded","section":"Shading Mode"},"sceneLighting":true,"audioPlay":false,"sceneViewState":{"showFog":true,"showMaterialUpdate":true,"showSkybox":true,"showFlares":true,"showImageEffects":true,"showParticleSystems":true},"in2DMode":false,"pivot":{"x":-0.5343180894851685,"y":2.1207783222198488,"z":7.702035903930664},"rotation":{"x":0.17374640703201295,"y":-0.6834995150566101,"z":0.17270700633525849,"w":0.6876129508018494},"size":19.98416519165039,"orthographic":false}